date,symbol,adjclose
2015-10-14,SYG.JO,11.2725048828125
2015-10-15,SYG.JO,11.30898681640625
2015-10-18,SYG.JO,10.57937255859375
2015-10-19,SYG.JO,10.14890380859375
2015-10-20,SYG.JO,10.360491943359374
2015-10-21,SYG.JO,10.287529296875
2015-10-22,SYG.JO,10.360491943359374
2015-10-25,SYG.JO,10.57937255859375
2015-10-26,SYG.JO,10.593966064453125
2015-10-27,SYG.JO,10.9441796875
2015-10-28,SYG.JO,11.673792724609376
2015-10-29,SYG.JO,11.673792724609376
2015-11-01,SYG.JO,12.00211669921875
2015-11-02,SYG.JO,11.980230712890625
2015-11-03,SYG.JO,11.892677001953125
2015-11-04,SYG.JO,11.892677001953125
2015-11-05,SYG.JO,11.892677001953125
2015-11-08,SYG.JO,11.673792724609376
2015-11-09,SYG.JO,11.49138916015625
2015-11-10,SYG.JO,11.30898681640625
2015-11-11,SYG.JO,11.1484716796875
2015-11-12,SYG.JO,10.83473876953125
2015-11-15,SYG.JO,11.23602294921875
2015-11-16,SYG.JO,11.63731201171875
2015-11-17,SYG.JO,11.06091796875
2015-11-18,SYG.JO,11.126583251953125
2015-11-19,SYG.JO,11.126583251953125
2015-11-22,SYG.JO,10.754481201171876
2015-11-23,SYG.JO,10.871219482421875
2015-11-24,SYG.JO,10.871219482421875
2015-11-25,SYG.JO,10.83473876953125
2015-11-26,SYG.JO,10.871219482421875
2015-11-29,SYG.JO,10.761776123046875
2015-11-30,SYG.JO,10.7982568359375
2015-12-01,SYG.JO,10.86392333984375
2015-12-02,SYG.JO,10.8566259765625
2015-12-03,SYG.JO,10.57937255859375
2015-12-06,SYG.JO,10.65233642578125
2015-12-07,SYG.JO,10.57937255859375
2015-12-08,SYG.JO,10.60855712890625
2015-12-09,SYG.JO,8.90126708984375
2015-12-10,SYG.JO,8.390537109375
2015-12-13,SYG.JO,9.835169677734376
2015-12-14,SYG.JO,9.339033203125
2015-12-15,SYG.JO,9.339033203125
2015-12-16,SYG.JO,9.557916870117188
2015-12-17,SYG.JO,10.032164306640624
2015-12-20,SYG.JO,10.032164306640624
2015-12-21,SYG.JO,9.99568359375
2015-12-22,SYG.JO,9.63087890625
2015-12-23,SYG.JO,10.134310302734375
2015-12-24,SYG.JO,10.134310302734375
2015-12-27,SYG.JO,9.849762573242188
2015-12-28,SYG.JO,9.849762573242188
2015-12-29,SYG.JO,9.959202880859376
2015-12-30,SYG.JO,9.959202880859376
2015-12-31,SYG.JO,9.959202880859376
2016-01-03,SYG.JO,9.484955444335938
2016-01-04,SYG.JO,9.63087890625
2016-01-05,SYG.JO,9.835169677734376
2016-01-06,SYG.JO,9.776798706054688
2016-01-07,SYG.JO,9.80598388671875
2016-01-10,SYG.JO,9.484955444335938
2016-01-11,SYG.JO,9.849762573242188
2016-01-12,SYG.JO,10.287529296875
2016-01-13,SYG.JO,10.396968994140625
2016-01-14,SYG.JO,9.99568359375
2016-01-17,SYG.JO,9.99568359375
2016-01-18,SYG.JO,9.959202880859376
2016-01-19,SYG.JO,9.740320434570313
2016-01-20,SYG.JO,9.703839111328124
2016-01-21,SYG.JO,10.032164306640624
2016-01-24,SYG.JO,10.105126953125
2016-01-25,SYG.JO,10.105126953125
2016-01-26,SYG.JO,10.3167138671875
2016-01-27,SYG.JO,10.761776123046875
2016-01-28,SYG.JO,10.83473876953125
2016-01-31,SYG.JO,10.9441796875
2016-02-01,SYG.JO,11.053623046875
2016-02-02,SYG.JO,11.0171435546875
2016-02-03,SYG.JO,11.17035888671875
2016-02-04,SYG.JO,11.30898681640625
2016-02-07,SYG.JO,11.30898681640625
2016-02-08,SYG.JO,11.30898681640625
2016-02-09,SYG.JO,12.00211669921875
2016-02-10,SYG.JO,11.4986865234375
2016-02-11,SYG.JO,11.30898681640625
2016-02-14,SYG.JO,11.316280517578125
2016-02-15,SYG.JO,11.367354736328124
2016-02-16,SYG.JO,11.30898681640625
2016-02-17,SYG.JO,11.527869873046875
2016-02-18,SYG.JO,11.527869873046875
2016-02-21,SYG.JO,11.527869873046875
2016-02-22,SYG.JO,11.66649658203125
2016-02-23,SYG.JO,11.527869873046875
2016-02-24,SYG.JO,11.819715576171875
2016-02-25,SYG.JO,11.527869873046875
2016-02-28,SYG.JO,11.527869873046875
2016-02-29,SYG.JO,11.673792724609376
2016-03-01,SYG.JO,11.527869873046875
2016-03-02,SYG.JO,11.7467529296875
2016-03-03,SYG.JO,11.673792724609376
2016-03-06,SYG.JO,11.783232421875
2016-03-07,SYG.JO,11.8561962890625
2016-03-08,SYG.JO,11.8561962890625
2016-03-09,SYG.JO,11.8561962890625
2016-03-10,SYG.JO,11.8561962890625
2016-03-13,SYG.JO,11.673792724609376
2016-03-14,SYG.JO,11.8561962890625
2016-03-15,SYG.JO,12.220999755859374
2016-03-16,SYG.JO,12.40340576171875
2016-03-17,SYG.JO,12.549326171875
2016-03-20,SYG.JO,12.549326171875
2016-03-21,SYG.JO,12.622286376953125
2016-03-22,SYG.JO,13.13301513671875
2016-03-23,SYG.JO,13.13301513671875
2016-03-24,SYG.JO,13.13301513671875
2016-03-27,SYG.JO,13.13301513671875
2016-03-28,SYG.JO,14.081512451171875
2016-03-29,SYG.JO,14.227432861328126
2016-03-30,SYG.JO,14.59953369140625
2016-03-31,SYG.JO,14.592239990234376
2016-04-03,SYG.JO,15.394814453125
2016-04-04,SYG.JO,15.402109375
2016-04-05,SYG.JO,15.686658935546875
2016-04-06,SYG.JO,15.504256591796874
2016-04-07,SYG.JO,15.504256591796874
2016-04-10,SYG.JO,15.504256591796874
2016-04-11,SYG.JO,15.3218505859375
2016-04-12,SYG.JO,15.3218505859375
2016-04-13,SYG.JO,15.3218505859375
2016-04-14,SYG.JO,15.3218505859375
2016-04-17,SYG.JO,15.686658935546875
2016-04-18,SYG.JO,16.0879443359375
2016-04-19,SYG.JO,16.343309326171877
2016-04-20,SYG.JO,16.2703466796875
2016-04-21,SYG.JO,16.197386474609374
2016-04-24,SYG.JO,15.686658935546875
2016-04-25,SYG.JO,16.48923095703125
2016-04-26,SYG.JO,16.48923095703125
2016-04-27,SYG.JO,16.2703466796875
2016-04-28,SYG.JO,15.75232177734375
2016-05-01,SYG.JO,15.75232177734375
2016-05-02,SYG.JO,15.504256591796874
2016-05-03,SYG.JO,15.504256591796874
2016-05-04,SYG.JO,15.431292724609374
2016-05-05,SYG.JO,15.336444091796874
2016-05-08,SYG.JO,15.329150390625
2016-05-09,SYG.JO,14.9570458984375
2016-05-10,SYG.JO,14.44631591796875
2016-05-11,SYG.JO,14.117994384765625
2016-05-12,SYG.JO,13.942886962890626
2016-05-15,SYG.JO,13.840740966796876
2016-05-16,SYG.JO,13.439451904296876
2016-05-17,SYG.JO,13.497822265625
2016-05-18,SYG.JO,13.351903076171874
2016-05-19,SYG.JO,13.497822265625
2016-05-22,SYG.JO,13.862630615234375
2016-05-23,SYG.JO,13.782369384765625
2016-05-24,SYG.JO,13.351903076171874
2016-05-25,SYG.JO,13.315419921875
2016-05-26,SYG.JO,13.13301513671875
2016-05-29,SYG.JO,13.862630615234375
2016-05-30,SYG.JO,14.329580078125
2016-05-31,SYG.JO,14.329580078125
2016-06-01,SYG.JO,14.3733544921875
2016-06-02,SYG.JO,14.577646484375
2016-06-05,SYG.JO,14.592239990234376
2016-06-06,SYG.JO,14.592239990234376
2016-06-07,SYG.JO,14.227432861328126
2016-06-08,SYG.JO,13.8845166015625
2016-06-09,SYG.JO,14.34289794921875
2016-06-12,SYG.JO,14.416832275390625
2016-06-13,SYG.JO,14.04716796875
2016-06-14,SYG.JO,13.825372314453125
2016-06-15,SYG.JO,13.825372314453125
2016-06-16,SYG.JO,14.039774169921875
2016-06-19,SYG.JO,13.86233642578125
2016-06-20,SYG.JO,13.381776123046874
2016-06-21,SYG.JO,13.31523681640625
2016-06-22,SYG.JO,13.1304052734375
2016-06-23,SYG.JO,13.307843017578126
2016-06-26,SYG.JO,13.307843017578126
2016-06-27,SYG.JO,13.30045166015625
2016-06-28,SYG.JO,13.389168701171876
2016-06-29,SYG.JO,13.455706787109374
2016-06-30,SYG.JO,13.455706787109374
2016-07-03,SYG.JO,13.012113037109375
2016-07-04,SYG.JO,13.307843017578126
2016-07-05,SYG.JO,12.93818115234375
2016-07-06,SYG.JO,13.219124755859376
2016-07-07,SYG.JO,13.182158203125
2016-07-10,SYG.JO,12.420653076171876
2016-07-11,SYG.JO,13.086046142578125
2016-07-12,SYG.JO,12.494586181640624
2016-07-13,SYG.JO,12.55373291015625
2016-07-14,SYG.JO,12.46501220703125
2016-07-17,SYG.JO,12.420653076171876
2016-07-18,SYG.JO,12.23582275390625
2016-07-19,SYG.JO,12.087957763671875
2016-07-20,SYG.JO,12.161890869140626
2016-07-21,SYG.JO,11.829195556640625
2016-07-24,SYG.JO,11.903125
2016-07-25,SYG.JO,11.829195556640625
2016-07-26,SYG.JO,11.607396240234374
2016-07-27,SYG.JO,11.755260009765625
2016-07-28,SYG.JO,11.977060546875
2016-07-31,SYG.JO,11.69611572265625
2016-08-01,SYG.JO,11.792227783203124
2016-08-02,SYG.JO,11.792227783203124
2016-08-03,SYG.JO,11.53346435546875
2016-08-04,SYG.JO,11.829195556640625
2016-08-07,SYG.JO,11.8218017578125
2016-08-08,SYG.JO,11.8218017578125
2016-08-09,SYG.JO,11.8218017578125
2016-08-10,SYG.JO,11.563037109375
2016-08-11,SYG.JO,11.222947998046875
2016-08-14,SYG.JO,11.015936279296875
2016-08-15,SYG.JO,10.942005615234375
2016-08-16,SYG.JO,10.72020751953125
2016-08-17,SYG.JO,10.72020751953125
2016-08-18,SYG.JO,11.015936279296875
2016-08-21,SYG.JO,10.6462744140625
2016-08-22,SYG.JO,10.794139404296875
2016-08-23,SYG.JO,10.57234130859375
2016-08-24,SYG.JO,10.6462744140625
2016-08-25,SYG.JO,10.72020751953125
2016-08-28,SYG.JO,10.6462744140625
2016-08-29,SYG.JO,10.868072509765625
2016-08-30,SYG.JO,11.015936279296875
2016-08-31,SYG.JO,11.45953125
2016-09-01,SYG.JO,11.829195556640625
2016-09-04,SYG.JO,11.644364013671876
2016-09-05,SYG.JO,11.8218017578125
2016-09-06,SYG.JO,11.46692626953125
2016-09-07,SYG.JO,11.607396240234374
2016-09-08,SYG.JO,11.644364013671876
2016-09-11,SYG.JO,11.27469970703125
2016-09-12,SYG.JO,11.0898681640625
2016-09-13,SYG.JO,11.304273681640625
2016-09-14,SYG.JO,11.31166748046875
2016-09-15,SYG.JO,11.31166748046875
2016-09-18,SYG.JO,11.20076904296875
2016-09-19,SYG.JO,11.0898681640625
2016-09-20,SYG.JO,10.794139404296875
2016-09-21,SYG.JO,11.0898681640625
2016-09-22,SYG.JO,11.09726318359375
2016-09-25,SYG.JO,10.942005615234375
2016-09-26,SYG.JO,11.45953125
2016-09-27,SYG.JO,11.27469970703125
2016-09-28,SYG.JO,11.0898681640625
2016-09-29,SYG.JO,10.868072509765625
2016-10-02,SYG.JO,11.0898681640625
2016-10-03,SYG.JO,11.829195556640625
2016-10-04,SYG.JO,11.53346435546875
2016-10-05,SYG.JO,11.3486328125
2016-10-06,SYG.JO,11.126834716796875
2016-10-09,SYG.JO,11.126834716796875
2016-10-10,SYG.JO,11.496497802734375
2016-10-11,SYG.JO,11.237730712890626
2016-10-12,SYG.JO,11.237730712890626
2016-10-13,SYG.JO,11.178587646484376
2016-10-16,SYG.JO,11.20076904296875
2016-10-17,SYG.JO,11.341239013671874
2016-10-18,SYG.JO,11.356026611328126
2016-10-19,SYG.JO,11.45953125
2016-10-20,SYG.JO,11.474317626953125
2016-10-23,SYG.JO,11.45953125
2016-10-24,SYG.JO,11.53346435546875
2016-10-25,SYG.JO,11.829195556640625
2016-10-26,SYG.JO,11.68133056640625
2016-10-27,SYG.JO,11.68133056640625
2016-10-30,SYG.JO,11.829195556640625
2016-10-31,SYG.JO,11.829195556640625
2016-11-01,SYG.JO,11.68133056640625
2016-11-02,SYG.JO,11.68133056640625
2016-11-03,SYG.JO,11.53346435546875
2016-11-06,SYG.JO,11.46692626953125
2016-11-07,SYG.JO,11.45953125
2016-11-08,SYG.JO,11.45953125
2016-11-09,SYG.JO,11.644364013671876
2016-11-10,SYG.JO,11.496497802734375
2016-11-13,SYG.JO,11.496497802734375
2016-11-14,SYG.JO,11.503890380859374
2016-11-15,SYG.JO,11.718294677734375
2016-11-16,SYG.JO,11.548250732421875
2016-11-17,SYG.JO,11.540859375
2016-11-20,SYG.JO,11.644364013671876
2016-11-21,SYG.JO,11.829195556640625
2016-11-22,SYG.JO,11.829195556640625
2016-11-23,SYG.JO,11.9400927734375
2016-11-24,SYG.JO,12.198856201171875
2016-11-27,SYG.JO,12.213642578125
2016-11-28,SYG.JO,12.198856201171875
2016-11-29,SYG.JO,12.23582275390625
2016-11-30,SYG.JO,12.420653076171876
2016-12-01,SYG.JO,12.56851806640625
2016-12-04,SYG.JO,12.494586181640624
2016-12-05,SYG.JO,12.708990478515625
2016-12-06,SYG.JO,13.233909912109375
2016-12-07,SYG.JO,13.6775048828125
2016-12-08,SYG.JO,13.751435546875
2016-12-11,SYG.JO,14.04716796875
2016-12-12,SYG.JO,12.82728271484375
2016-12-13,SYG.JO,12.94557373046875
2016-12-14,SYG.JO,13.74404541015625
2016-12-15,SYG.JO,13.74404541015625
2016-12-18,SYG.JO,13.196943359375
2016-12-19,SYG.JO,13.196943359375
2016-12-20,SYG.JO,13.159979248046875
2016-12-21,SYG.JO,12.930787353515624
2016-12-22,SYG.JO,13.1156201171875
2016-12-25,SYG.JO,13.1156201171875
2016-12-26,SYG.JO,13.1156201171875
2016-12-27,SYG.JO,13.492672119140625
2016-12-28,SYG.JO,13.381776123046874
2016-12-29,SYG.JO,13.293055419921876
2017-01-01,SYG.JO,13.293055419921876
2017-01-02,SYG.JO,13.241304931640625
2017-01-03,SYG.JO,13.143720703125
2017-01-04,SYG.JO,13.21127685546875
2017-01-05,SYG.JO,13.248809814453125
2017-01-08,SYG.JO,12.948553466796875
2017-01-09,SYG.JO,12.768399658203125
2017-01-10,SYG.JO,12.573233642578124
2017-01-11,SYG.JO,12.760894775390625
2017-01-12,SYG.JO,13.1287060546875
2017-01-15,SYG.JO,12.760894775390625
2017-01-16,SYG.JO,12.393079833984375
2017-01-17,SYG.JO,12.760894775390625
2017-01-18,SYG.JO,12.610765380859375
2017-01-19,SYG.JO,12.760894775390625
2017-01-22,SYG.JO,12.760894775390625
2017-01-23,SYG.JO,12.535701904296875
2017-01-24,SYG.JO,12.535701904296875
2017-01-25,SYG.JO,12.415599365234375
2017-01-26,SYG.JO,11.860126953125
2017-01-29,SYG.JO,11.634932861328124
2017-01-30,SYG.JO,12.00274658203125
2017-01-31,SYG.JO,11.935189208984376
2017-02-01,SYG.JO,11.709996337890624
2017-02-02,SYG.JO,11.709996337890624
2017-02-05,SYG.JO,11.709996337890624
2017-02-06,SYG.JO,11.935189208984376
2017-02-07,SYG.JO,11.860126953125
2017-02-08,SYG.JO,11.875137939453126
2017-02-09,SYG.JO,12.01025146484375
2017-02-12,SYG.JO,12.01025146484375
2017-02-13,SYG.JO,12.01025146484375
2017-02-14,SYG.JO,12.01025146484375
2017-02-15,SYG.JO,12.01025146484375
2017-02-16,SYG.JO,12.01025146484375
2017-02-19,SYG.JO,12.160380859375
2017-02-20,SYG.JO,12.167886962890625
2017-02-21,SYG.JO,12.152874755859376
2017-02-22,SYG.JO,12.152874755859376
2017-02-23,SYG.JO,12.00274658203125
2017-02-26,SYG.JO,11.96521484375
2017-02-27,SYG.JO,11.935189208984376
2017-02-28,SYG.JO,12.01025146484375
2017-03-01,SYG.JO,11.99524169921875
2017-03-02,SYG.JO,11.972720947265625
2017-03-05,SYG.JO,11.78506103515625
2017-03-06,SYG.JO,11.7775537109375
2017-03-07,SYG.JO,11.634932861328124
2017-03-08,SYG.JO,11.634932861328124
2017-03-09,SYG.JO,11.559869384765625
2017-03-12,SYG.JO,11.634932861328124
2017-03-13,SYG.JO,11.74002197265625
2017-03-14,SYG.JO,11.78506103515625
2017-03-15,SYG.JO,11.634932861328124
2017-03-16,SYG.JO,11.634932861328124
2017-03-19,SYG.JO,11.41724609375
2017-03-21,SYG.JO,11.634932861328124
2017-03-22,SYG.JO,11.634932861328124
2017-03-23,SYG.JO,11.634932861328124
2017-03-26,SYG.JO,11.25961181640625
2017-03-27,SYG.JO,11.25961181640625
2017-03-28,SYG.JO,11.222080078125
2017-03-29,SYG.JO,11.252105712890625
2017-03-30,SYG.JO,11.25961181640625
2017-04-02,SYG.JO,11.25961181640625
2017-04-03,SYG.JO,11.1845458984375
2017-04-04,SYG.JO,11.177042236328125
2017-04-05,SYG.JO,11.101976318359375
2017-04-06,SYG.JO,11.026912841796875
2017-04-09,SYG.JO,10.996888427734374
2017-04-10,SYG.JO,10.92182373046875
2017-04-11,SYG.JO,10.929329833984376
2017-04-12,SYG.JO,10.8842919921875
2017-04-17,SYG.JO,10.77169677734375
2017-04-18,SYG.JO,10.734163818359375
2017-04-19,SYG.JO,10.74917724609375
2017-04-20,SYG.JO,10.659100341796876
2017-04-23,SYG.JO,10.6215673828125
2017-04-24,SYG.JO,10.5089697265625
2017-04-25,SYG.JO,10.208715209960937
2017-04-27,SYG.JO,10.208715209960937
2017-04-30,SYG.JO,10.208715209960937
2017-05-01,SYG.JO,10.471441650390625
2017-05-02,SYG.JO,10.358843994140624
2017-05-03,SYG.JO,10.0961181640625
2017-05-04,SYG.JO,9.750824584960938
2017-05-07,SYG.JO,9.383011474609376
2017-05-08,SYG.JO,9.683267822265623
2017-05-09,SYG.JO,9.533138427734377
2017-05-10,SYG.JO,9.683267822265623
2017-05-11,SYG.JO,9.533138427734377
2017-05-14,SYG.JO,9.383011474609376
2017-05-15,SYG.JO,9.352985229492187
2017-05-16,SYG.JO,9.345477905273437
2017-05-17,SYG.JO,9.383011474609376
2017-05-18,SYG.JO,9.533138427734377
2017-05-21,SYG.JO,9.758330078125
2017-05-22,SYG.JO,9.383011474609376
2017-05-23,SYG.JO,8.587330322265625
2017-05-24,SYG.JO,8.820029907226562
2017-05-25,SYG.JO,8.624864501953125
2017-05-28,SYG.JO,8.6999267578125
2017-05-29,SYG.JO,8.632369995117188
2017-05-30,SYG.JO,8.707433471679687
2017-05-31,SYG.JO,7.8066644287109375
2017-06-01,SYG.JO,8.332113647460938
2017-06-04,SYG.JO,8.444708862304687
2017-06-05,SYG.JO,8.767484741210938
2017-06-06,SYG.JO,8.6999267578125
2017-06-07,SYG.JO,8.437202758789063
2017-06-08,SYG.JO,8.257048950195312
2017-06-11,SYG.JO,8.407177734375
2017-06-12,SYG.JO,8.599122314453124
2017-06-13,SYG.JO,8.599122314453124
2017-06-14,SYG.JO,8.599122314453124
2017-06-15,SYG.JO,8.599122314453124
2017-06-18,SYG.JO,8.599122314453124
2017-06-19,SYG.JO,8.560732421875
2017-06-20,SYG.JO,8.414854736328126
2017-06-21,SYG.JO,8.445565185546876
2017-06-22,SYG.JO,8.430211181640624
2017-06-25,SYG.JO,8.445565185546876
2017-06-26,SYG.JO,8.445565185546876
2017-06-27,SYG.JO,8.3687890625
2017-06-28,SYG.JO,8.437886962890625
2017-06-29,SYG.JO,8.061676635742188
2017-07-02,SYG.JO,7.831343383789062
2017-07-03,SYG.JO,7.946510620117188
2017-07-04,SYG.JO,7.78527587890625
2017-07-05,SYG.JO,7.6777880859375
2017-07-06,SYG.JO,8.437886962890625
2017-07-09,SYG.JO,8.292010498046874
2017-07-10,SYG.JO,8.576088256835938
2017-07-11,SYG.JO,8.445565185546876
2017-07-12,SYG.JO,8.445565185546876
2017-07-13,SYG.JO,8.445565185546876
2017-07-16,SYG.JO,8.445565185546876
2017-07-17,SYG.JO,8.445565185546876
2017-07-18,SYG.JO,8.445565185546876
2017-07-19,SYG.JO,8.292010498046874
2017-07-20,SYG.JO,8.292010498046874
2017-07-23,SYG.JO,8.13845458984375
2017-07-24,SYG.JO,8.215232543945312
2017-07-25,SYG.JO,8.211350708007812
2017-07-26,SYG.JO,8.211350708007812
2017-07-27,SYG.JO,8.203529663085938
2017-07-30,SYG.JO,8.281732788085938
2017-07-31,SYG.JO,8.289553833007812
2017-08-01,SYG.JO,8.140967407226562
2017-08-02,SYG.JO,8.289553833007812
2017-08-03,SYG.JO,8.289553833007812
2017-08-06,SYG.JO,7.898536987304688
2017-08-07,SYG.JO,8.25045166015625
2017-08-08,SYG.JO,8.25045166015625
2017-08-09,SYG.JO,8.211350708007812
2017-08-10,SYG.JO,8.211350708007812
2017-08-13,SYG.JO,8.211350708007812
2017-08-14,SYG.JO,8.203529663085938
2017-08-15,SYG.JO,8.211350708007812
2017-08-16,SYG.JO,7.898536987304688
2017-08-17,SYG.JO,7.820333862304688
2017-08-20,SYG.JO,8.05494384765625
2017-08-21,SYG.JO,8.094044799804687
2017-08-22,SYG.JO,8.05494384765625
2017-08-23,SYG.JO,8.133147583007812
2017-08-24,SYG.JO,8.05494384765625
2017-08-27,SYG.JO,7.820333862304688
2017-08-28,SYG.JO,7.695208129882812
2017-08-29,SYG.JO,7.62482421875
2017-08-30,SYG.JO,7.62482421875
2017-08-31,SYG.JO,7.429317016601562
2017-09-03,SYG.JO,7.116503295898437
2017-09-04,SYG.JO,7.390215454101562
2017-09-05,SYG.JO,7.429317016601562
2017-09-06,SYG.JO,7.421497192382812
2017-09-07,SYG.JO,7.421497192382812
2017-09-10,SYG.JO,7.139964599609375
2017-09-11,SYG.JO,7.429317016601562
2017-09-12,SYG.JO,7.351113891601562
2017-09-13,SYG.JO,7.272910766601562
2017-09-14,SYG.JO,7.19470703125
2017-09-17,SYG.JO,7.155604858398437
2017-09-18,SYG.JO,7.038299560546875
2017-09-19,SYG.JO,7.038299560546875
2017-09-20,SYG.JO,7.038299560546875
2017-09-21,SYG.JO,7.038299560546875
2017-09-24,SYG.JO,7.038299560546875
2017-09-25,SYG.JO,6.88189208984375
2017-09-26,SYG.JO,6.920994873046875
2017-09-27,SYG.JO,7.038299560546875
2017-09-28,SYG.JO,6.936635131835938
2017-10-01,SYG.JO,6.920994873046875
2017-10-02,SYG.JO,6.725487060546875
2017-10-03,SYG.JO,6.842791137695312
2017-10-04,SYG.JO,6.842791137695312
2017-10-05,SYG.JO,6.803689575195312
2017-10-08,SYG.JO,6.88189208984375
2017-10-09,SYG.JO,6.858431396484375
2017-10-10,SYG.JO,6.842791137695312
2017-10-11,SYG.JO,6.717666015625
2017-10-12,SYG.JO,6.920994873046875
2017-10-15,SYG.JO,7.038299560546875
2017-10-16,SYG.JO,7.038299560546875
2017-10-17,SYG.JO,7.038299560546875
2017-10-18,SYG.JO,7.038299560546875
2017-10-19,SYG.JO,6.88189208984375
2017-10-22,SYG.JO,6.874072875976562
2017-10-23,SYG.JO,6.88189208984375
2017-10-24,SYG.JO,6.764588623046875
2017-10-25,SYG.JO,6.49087646484375
2017-10-26,SYG.JO,6.41267333984375
2017-10-29,SYG.JO,6.41267333984375
2017-10-30,SYG.JO,6.529978637695312
2017-10-31,SYG.JO,6.920994873046875
2017-11-01,SYG.JO,6.842791137695312
2017-11-02,SYG.JO,7.97674072265625
2017-11-05,SYG.JO,8.774413452148437
2017-11-06,SYG.JO,8.876077880859375
2017-11-07,SYG.JO,8.641469116210937
2017-11-08,SYG.JO,8.602366943359375
2017-11-09,SYG.JO,8.758773803710938
2017-11-12,SYG.JO,8.743133544921875
2017-11-13,SYG.JO,8.899539184570312
2017-11-14,SYG.JO,8.657108764648438
2017-11-15,SYG.JO,8.657108764648438
2017-11-16,SYG.JO,8.83697509765625
2017-11-19,SYG.JO,8.83697509765625
2017-11-20,SYG.JO,8.618007202148437
2017-11-21,SYG.JO,8.993381958007813
2017-11-22,SYG.JO,9.97092529296875
2017-11-23,SYG.JO,10.3384814453125
2017-11-26,SYG.JO,11.417686767578125
2017-11-27,SYG.JO,11.417686767578125
2017-11-28,SYG.JO,11.519349365234374
2017-11-29,SYG.JO,11.183076171875
2017-11-30,SYG.JO,10.784237060546875
2017-12-03,SYG.JO,11.112694091796875
2017-12-04,SYG.JO,11.37858642578125
2017-12-05,SYG.JO,11.167435302734376
2017-12-06,SYG.JO,11.104873046875
2017-12-07,SYG.JO,11.339483642578125
2017-12-10,SYG.JO,10.862442626953126
2017-12-11,SYG.JO,10.47924560546875
2017-12-12,SYG.JO,10.948466796875
2017-12-13,SYG.JO,10.948466796875
2017-12-14,SYG.JO,11.37858642578125
2017-12-17,SYG.JO,11.37858642578125
2017-12-18,SYG.JO,10.948466796875
2017-12-19,SYG.JO,10.715863037109376
2017-12-20,SYG.JO,11.060755615234376
2017-12-21,SYG.JO,11.213154296875
2017-12-24,SYG.JO,11.213154296875
2017-12-25,SYG.JO,11.213154296875
2017-12-26,SYG.JO,11.22919677734375
2017-12-27,SYG.JO,11.189091796875
2017-12-28,SYG.JO,11.22919677734375
2018-01-01,SYG.JO,11.22919677734375
2018-01-02,SYG.JO,11.22919677734375
2018-01-03,SYG.JO,11.550030517578126
2018-01-04,SYG.JO,11.50992431640625
2018-01-07,SYG.JO,11.469822998046874
2018-01-08,SYG.JO,11.469822998046874
2018-01-09,SYG.JO,11.068779296875
2018-01-10,SYG.JO,10.73992431640625
2018-01-11,SYG.JO,10.22658935546875
2018-01-14,SYG.JO,10.22658935546875
2018-01-15,SYG.JO,10.828154296875
2018-01-16,SYG.JO,10.70783935546875
2018-01-17,SYG.JO,10.08221435546875
2018-01-18,SYG.JO,10.186484985351562
2018-01-21,SYG.JO,9.753359985351562
2018-01-22,SYG.JO,10.587528076171875
2018-01-23,SYG.JO,10.587528076171875
2018-01-24,SYG.JO,10.435133056640625
2018-01-25,SYG.JO,10.427110595703125
2018-01-28,SYG.JO,10.3388818359375
2018-01-29,SYG.JO,10.106275634765623
2018-01-30,SYG.JO,10.427110595703125
2018-01-31,SYG.JO,10.427110595703125
2018-02-01,SYG.JO,10.34690185546875
2018-02-04,SYG.JO,10.146381225585937
2018-02-05,SYG.JO,9.785442504882813
2018-02-06,SYG.JO,9.665130615234377
2018-02-07,SYG.JO,10.026068115234375
2018-02-08,SYG.JO,10.026068115234375
2018-02-11,SYG.JO,10.026068115234375
2018-02-12,SYG.JO,9.625025024414063
2018-02-13,SYG.JO,9.625025024414063
2018-02-14,SYG.JO,9.625025024414063
2018-02-15,SYG.JO,9.825547485351562
2018-02-18,SYG.JO,10.026068115234375
2018-02-19,SYG.JO,10.010027465820313
2018-02-20,SYG.JO,9.617005004882813
2018-02-21,SYG.JO,9.625025024414063
2018-02-22,SYG.JO,9.617005004882813
2018-02-25,SYG.JO,9.544816284179687
2018-02-26,SYG.JO,10.419091796875
2018-02-27,SYG.JO,10.010027465820313
2018-02-28,SYG.JO,9.617005004882813
2018-03-01,SYG.JO,9.625025024414063
2018-03-04,SYG.JO,9.625025024414063
2018-03-05,SYG.JO,9.584921264648438
2018-03-06,SYG.JO,9.625025024414063
2018-03-07,SYG.JO,9.544816284179687
2018-03-08,SYG.JO,9.544816284179687
2018-03-11,SYG.JO,9.544816284179687
2018-03-12,SYG.JO,9.464608154296876
2018-03-13,SYG.JO,9.223981323242187
2018-03-14,SYG.JO,9.10366943359375
2018-03-15,SYG.JO,9.304191284179687
2018-03-18,SYG.JO,9.464608154296876
2018-03-19,SYG.JO,9.544816284179687
2018-03-21,SYG.JO,9.464608154296876
2018-03-22,SYG.JO,9.528775634765625
2018-03-25,SYG.JO,9.544816284179687
2018-03-26,SYG.JO,9.544816284179687
2018-03-27,SYG.JO,9.464608154296876
2018-03-28,SYG.JO,9.384398803710937
2018-04-02,SYG.JO,9.10366943359375
2018-04-03,SYG.JO,9.2640869140625
2018-04-04,SYG.JO,9.2640869140625
2018-04-05,SYG.JO,9.223981323242187
2018-04-08,SYG.JO,9.416482543945312
2018-04-09,SYG.JO,9.223981323242187
2018-04-10,SYG.JO,9.223981323242187
2018-04-11,SYG.JO,9.464608154296876
2018-04-12,SYG.JO,9.464608154296876
2018-04-15,SYG.JO,8.86304443359375
2018-04-16,SYG.JO,9.223981323242187
2018-04-17,SYG.JO,9.464608154296876
2018-04-18,SYG.JO,9.464608154296876
2018-04-19,SYG.JO,9.4565869140625
2018-04-22,SYG.JO,9.376378173828124
2018-04-23,SYG.JO,9.464608154296876
2018-04-24,SYG.JO,9.223981323242187
2018-04-25,SYG.JO,9.223981323242187
2018-04-29,SYG.JO,9.223981323242187
2018-05-01,SYG.JO,9.12773193359375
2018-05-02,SYG.JO,8.991378173828124
2018-05-03,SYG.JO,8.983357543945312
2018-05-06,SYG.JO,8.943253173828126
2018-05-07,SYG.JO,8.943253173828126
2018-05-08,SYG.JO,8.943253173828126
2018-05-09,SYG.JO,8.822940673828125
2018-05-10,SYG.JO,8.983357543945312
2018-05-13,SYG.JO,9.464608154296876
2018-05-14,SYG.JO,9.055543823242187
2018-05-15,SYG.JO,8.943253173828126
2018-05-16,SYG.JO,8.822940673828125
2018-05-17,SYG.JO,9.143773193359376
2018-05-20,SYG.JO,9.135753173828125
2018-05-21,SYG.JO,9.063564453125
2018-05-22,SYG.JO,8.822940673828125
2018-05-23,SYG.JO,8.822940673828125
2018-05-24,SYG.JO,8.822940673828125
2018-05-27,SYG.JO,8.822940673828125
2018-05-28,SYG.JO,9.20794189453125
2018-05-29,SYG.JO,8.822940673828125
2018-05-30,SYG.JO,8.81491943359375
2018-05-31,SYG.JO,8.822940673828125
2018-06-03,SYG.JO,9.12773193359375
2018-06-04,SYG.JO,8.822940673828125
2018-06-05,SYG.JO,8.822940673828125
2018-06-06,SYG.JO,9.143773193359376
2018-06-07,SYG.JO,9.143773193359376
2018-06-10,SYG.JO,9.183877563476562
2018-06-11,SYG.JO,9.20794189453125
2018-06-12,SYG.JO,9.41292724609375
2018-06-13,SYG.JO,9.41292724609375
2018-06-14,SYG.JO,9.183344116210938
2018-06-17,SYG.JO,8.724176635742188
2018-06-18,SYG.JO,8.691378784179687
2018-06-19,SYG.JO,8.8553662109375
2018-06-20,SYG.JO,9.01935546875
2018-06-21,SYG.JO,9.01935546875
2018-06-24,SYG.JO,9.01935546875
2018-06-25,SYG.JO,9.0931494140625
2018-06-26,SYG.JO,8.609384765625
2018-06-27,SYG.JO,8.953759155273438
2018-06-28,SYG.JO,8.781572265625
2018-07-01,SYG.JO,8.896363525390624
2018-07-02,SYG.JO,8.568387451171875
2018-07-03,SYG.JO,8.773373413085938
2018-07-04,SYG.JO,8.814369506835938
2018-07-05,SYG.JO,8.8553662109375
2018-07-08,SYG.JO,8.8553662109375
2018-07-09,SYG.JO,8.8553662109375
2018-07-10,SYG.JO,8.8553662109375
2018-07-11,SYG.JO,8.527390747070312
2018-07-12,SYG.JO,8.609384765625
2018-07-15,SYG.JO,8.609384765625
2018-07-16,SYG.JO,8.9209619140625
2018-07-17,SYG.JO,8.888164672851563
2018-07-18,SYG.JO,8.8553662109375
2018-07-19,SYG.JO,8.847166748046876
2018-07-22,SYG.JO,8.8553662109375
2018-07-23,SYG.JO,8.8553662109375
2018-07-24,SYG.JO,8.73237548828125
2018-07-25,SYG.JO,8.896363525390624
2018-07-26,SYG.JO,8.896363525390624
2018-07-29,SYG.JO,8.8553662109375
2018-07-30,SYG.JO,8.814369506835938
2018-07-31,SYG.JO,8.609384765625
2018-08-01,SYG.JO,8.199413452148438
2018-08-02,SYG.JO,8.56018798828125
2018-08-05,SYG.JO,8.404398803710938
2018-08-06,SYG.JO,8.199413452148438
2018-08-07,SYG.JO,8.199413452148438
2018-08-09,SYG.JO,8.199413452148438
2018-08-12,SYG.JO,8.117418212890625
2018-08-13,SYG.JO,8.199413452148438
2018-08-14,SYG.JO,8.28960693359375
2018-08-15,SYG.JO,8.281407470703124
2018-08-16,SYG.JO,8.002626953125
2018-08-19,SYG.JO,7.707449340820313
2018-08-20,SYG.JO,7.789442749023437
2018-08-21,SYG.JO,7.871437377929688
2018-08-22,SYG.JO,8.035424194335938
2018-08-23,SYG.JO,7.707449340820313
2018-08-26,SYG.JO,7.871437377929688
2018-08-27,SYG.JO,7.871437377929688
2018-08-28,SYG.JO,7.789442749023437
2018-08-29,SYG.JO,8.199413452148438
2018-08-30,SYG.JO,8.199413452148438
2018-09-02,SYG.JO,8.363401489257813
2018-09-03,SYG.JO,8.15841552734375
2018-09-04,SYG.JO,8.117418212890625
2018-09-05,SYG.JO,8.117418212890625
2018-09-06,SYG.JO,8.109219970703125
2018-09-09,SYG.JO,7.789442749023437
2018-09-10,SYG.JO,7.789442749023437
2018-09-11,SYG.JO,7.707449340820313
2018-09-12,SYG.JO,7.707449340820313
2018-09-13,SYG.JO,7.789442749023437
2018-09-16,SYG.JO,7.871437377929688
2018-09-17,SYG.JO,7.748446044921875
2018-09-18,SYG.JO,7.699249267578125
2018-09-19,SYG.JO,7.682850341796875
2018-09-20,SYG.JO,7.50246337890625
2018-09-24,SYG.JO,7.42046875
2018-09-25,SYG.JO,7.0678948974609375
2018-09-26,SYG.JO,6.6415252685546875
2018-09-27,SYG.JO,7.428668212890625
2018-09-30,SYG.JO,7.379472045898438
2018-10-01,SYG.JO,7.42046875
2018-10-02,SYG.JO,7.789442749023437
2018-10-03,SYG.JO,7.379472045898438
2018-10-04,SYG.JO,7.215482788085938
2018-10-07,SYG.JO,6.3299462890625
2018-10-08,SYG.JO,7.09249267578125
2018-10-09,SYG.JO,7.379472045898438
2018-10-10,SYG.JO,7.174486083984375
2018-10-11,SYG.JO,7.166287231445312
2018-10-14,SYG.JO,7.166287231445312
2018-10-15,SYG.JO,6.969501953125
2018-10-16,SYG.JO,7.133489990234375
2018-10-17,SYG.JO,6.969501953125
2018-10-18,SYG.JO,6.969501953125
2018-10-21,SYG.JO,7.05149658203125
2018-10-22,SYG.JO,7.05149658203125
2018-10-23,SYG.JO,6.969501953125
2018-10-24,SYG.JO,6.95310302734375
2018-10-25,SYG.JO,6.805513305664062
2018-10-28,SYG.JO,6.789114379882813
2018-10-29,SYG.JO,6.789114379882813
2018-10-30,SYG.JO,6.805513305664062
2018-10-31,SYG.JO,6.756316528320313
2018-11-01,SYG.JO,6.7645166015625
2018-11-04,SYG.JO,6.518533325195312
2018-11-05,SYG.JO,6.887507934570312
2018-11-06,SYG.JO,6.887507934570312
2018-11-07,SYG.JO,6.477536010742187
2018-11-08,SYG.JO,6.797313842773438
2018-11-11,SYG.JO,6.567730102539063
2018-11-12,SYG.JO,6.559530639648438
2018-11-13,SYG.JO,6.559530639648438
2018-11-14,SYG.JO,6.477536010742187
2018-11-15,SYG.JO,6.60052734375
2018-11-18,SYG.JO,6.436539306640625
2018-11-19,SYG.JO,6.30534912109375
2018-11-20,SYG.JO,6.559530639648438
2018-11-21,SYG.JO,6.338146362304688
2018-11-22,SYG.JO,6.354544677734375
2018-11-25,SYG.JO,6.3955419921875
2018-11-26,SYG.JO,6.272551879882813
2018-11-27,SYG.JO,6.272551879882813
2018-11-28,SYG.JO,6.436539306640625
2018-11-29,SYG.JO,6.1495599365234375
2018-12-02,SYG.JO,6.313547973632812
2018-12-03,SYG.JO,6.6333245849609375
2018-12-04,SYG.JO,6.813712768554687
2018-12-05,SYG.JO,7.035097045898437
2018-12-06,SYG.JO,7.166287231445312
2018-12-09,SYG.JO,7.117091064453125
2018-12-10,SYG.JO,7.379472045898438
2018-12-11,SYG.JO,7.05149658203125
2018-12-12,SYG.JO,7.05149658203125
2018-12-13,SYG.JO,7.043296508789062
2018-12-17,SYG.JO,7.010499267578125
2018-12-18,SYG.JO,6.899356689453125
2018-12-19,SYG.JO,6.839510498046875
2018-12-20,SYG.JO,7.266980590820313
2018-12-23,SYG.JO,7.266980590820313
2018-12-26,SYG.JO,7.1387396240234375
2018-12-27,SYG.JO,7.1387396240234375
2018-12-30,SYG.JO,7.266980590820313
2019-01-01,SYG.JO,7.685900268554687
2019-01-02,SYG.JO,7.352474975585937
2019-01-03,SYG.JO,7.5234613037109375
2019-01-06,SYG.JO,7.608955688476563
2019-01-07,SYG.JO,7.694449462890625
2019-01-08,SYG.JO,7.694449462890625
2019-01-09,SYG.JO,7.694449462890625
2019-01-10,SYG.JO,7.865437622070313
2019-01-13,SYG.JO,8.13046875
2019-01-14,SYG.JO,8.1219189453125
2019-01-15,SYG.JO,7.737196655273437
2019-01-16,SYG.JO,8.03642578125
2019-01-17,SYG.JO,7.865437622070313
2019-01-20,SYG.JO,7.865437622070313
2019-01-21,SYG.JO,7.865437622070313
2019-01-22,SYG.JO,7.950931396484375
2019-01-23,SYG.JO,8.019326171875
2019-01-24,SYG.JO,7.950931396484375
2019-01-27,SYG.JO,7.993678588867187
2019-01-28,SYG.JO,7.908184814453125
2019-01-29,SYG.JO,7.745745849609375
2019-01-30,SYG.JO,8.07917236328125
2019-01-31,SYG.JO,8.053524169921875
2019-02-03,SYG.JO,8.1219189453125
2019-02-04,SYG.JO,7.779943237304687
2019-02-05,SYG.JO,8.207413330078126
2019-02-06,SYG.JO,8.540838623046875
2019-02-07,SYG.JO,8.198863525390625
2019-02-10,SYG.JO,7.925283813476563
2019-02-11,SYG.JO,7.694449462890625
2019-02-12,SYG.JO,8.070623168945312
2019-02-13,SYG.JO,8.03642578125
2019-02-14,SYG.JO,7.865437622070313
2019-02-17,SYG.JO,7.985128784179688
2019-02-18,SYG.JO,7.694449462890625
2019-02-19,SYG.JO,7.797042236328125
2019-02-20,SYG.JO,7.8226904296875
2019-02-21,SYG.JO,7.8226904296875
2019-02-24,SYG.JO,7.950931396484375
2019-02-25,SYG.JO,8.113370361328125
2019-02-26,SYG.JO,7.950931396484375
2019-02-27,SYG.JO,7.779943237304687
2019-02-28,SYG.JO,7.779943237304687
2019-03-03,SYG.JO,7.950931396484375
2019-03-04,SYG.JO,7.779943237304687
2019-03-05,SYG.JO,8.1219189453125
2019-03-06,SYG.JO,8.207413330078126
2019-03-07,SYG.JO,8.335653686523438
2019-03-10,SYG.JO,8.549388427734375
2019-03-11,SYG.JO,8.429696655273437
2019-03-12,SYG.JO,8.429696655273437
2019-03-13,SYG.JO,8.335653686523438
2019-03-14,SYG.JO,8.335653686523438
2019-03-17,SYG.JO,8.378400268554687
2019-03-18,SYG.JO,8.378400268554687
2019-03-19,SYG.JO,8.378400268554687
2019-03-21,SYG.JO,8.378400268554687
2019-03-24,SYG.JO,8.36130126953125
2019-03-25,SYG.JO,8.36130126953125
2019-03-26,SYG.JO,8.164666748046875
2019-03-27,SYG.JO,7.651702880859375
2019-03-28,SYG.JO,7.694449462890625
2019-03-31,SYG.JO,8.207413330078126
2019-04-01,SYG.JO,8.07917236328125
2019-04-02,SYG.JO,8.22451171875
2019-04-03,SYG.JO,8.207413330078126
2019-04-04,SYG.JO,8.344202270507813
2019-04-07,SYG.JO,8.207413330078126
2019-04-08,SYG.JO,8.207413330078126
2019-04-09,SYG.JO,8.139017333984375
2019-04-10,SYG.JO,8.250160522460938
2019-04-11,SYG.JO,8.207413330078126
2019-04-14,SYG.JO,8.250160522460938
2019-04-15,SYG.JO,8.164666748046875
2019-04-16,SYG.JO,8.421146850585938
2019-04-17,SYG.JO,8.540838623046875
2019-04-22,SYG.JO,8.720376586914062
2019-04-23,SYG.JO,8.959758911132813
2019-04-24,SYG.JO,8.831517944335937
2019-04-25,SYG.JO,8.848616943359374
2019-04-28,SYG.JO,9.07090087890625
2019-04-29,SYG.JO,9.139296875
2019-05-01,SYG.JO,9.079451293945313
2019-05-02,SYG.JO,8.89136474609375
2019-05-05,SYG.JO,8.848616943359374
2019-05-06,SYG.JO,8.600684814453125
2019-05-08,SYG.JO,8.763123168945313
2019-05-09,SYG.JO,8.976858520507813
2019-05-12,SYG.JO,9.062352294921876
2019-05-13,SYG.JO,9.173494262695312
2019-05-14,SYG.JO,9.062352294921876
2019-05-15,SYG.JO,8.951209716796875
2019-05-16,SYG.JO,8.805870361328125
2019-05-19,SYG.JO,8.848616943359374
2019-05-20,SYG.JO,8.421146850585938
2019-05-21,SYG.JO,8.549388427734375
2019-05-22,SYG.JO,8.540838623046875
2019-05-23,SYG.JO,8.327103881835937
2019-05-26,SYG.JO,8.258709106445313
2019-05-27,SYG.JO,8.207413330078126
2019-05-28,SYG.JO,8.335653686523438
2019-05-29,SYG.JO,8.626332397460937
2019-05-30,SYG.JO,8.6348828125
2019-06-02,SYG.JO,8.498092651367188
2019-06-03,SYG.JO,8.421146850585938
2019-06-04,SYG.JO,8.29290771484375
2019-06-05,SYG.JO,8.250160522460938
2019-06-06,SYG.JO,8.03642578125
2019-06-09,SYG.JO,8.207413330078126
2019-06-10,SYG.JO,8.6348828125
2019-06-11,SYG.JO,8.89136474609375
2019-06-12,SYG.JO,8.805870361328125
2019-06-13,SYG.JO,8.549388427734375
2019-06-17,SYG.JO,8.540838623046875
2019-06-18,SYG.JO,8.593451538085937
2019-06-19,SYG.JO,8.50576416015625
2019-06-20,SYG.JO,8.330387573242188
2019-06-23,SYG.JO,8.426843872070313
2019-06-24,SYG.JO,8.295311279296875
2019-06-25,SYG.JO,8.418076171875
2019-06-26,SYG.JO,8.418076171875
2019-06-27,SYG.JO,8.251468505859375
2019-06-30,SYG.JO,8.146241455078124
2019-07-01,SYG.JO,8.111166381835938
2019-07-02,SYG.JO,8.155010375976563
2019-07-03,SYG.JO,8.277774047851562
2019-07-04,SYG.JO,8.242698364257812
2019-07-07,SYG.JO,8.198854370117187
2019-07-08,SYG.JO,8.198854370117187
2019-07-09,SYG.JO,8.242698364257812
2019-07-10,SYG.JO,8.233929443359376
2019-07-11,SYG.JO,8.07609130859375
2019-07-14,SYG.JO,8.216392211914062
2019-07-15,SYG.JO,8.277774047851562
2019-07-16,SYG.JO,8.111166381835938
2019-07-17,SYG.JO,8.032247314453125
2019-07-18,SYG.JO,8.041015625
2019-07-21,SYG.JO,8.06732177734375
2019-07-22,SYG.JO,7.9796337890625
2019-07-23,SYG.JO,7.89194580078125
2019-07-24,SYG.JO,7.6639556884765625
2019-07-25,SYG.JO,7.883177490234375
2019-07-28,SYG.JO,7.620111694335938
2019-07-29,SYG.JO,7.27812744140625
2019-07-30,SYG.JO,7.076444702148438
2019-07-31,SYG.JO,7.453504028320313
2019-08-01,SYG.JO,7.4973486328125
2019-08-04,SYG.JO,7.506117553710937
2019-08-05,SYG.JO,7.5850372314453125
2019-08-06,SYG.JO,7.453504028320313
2019-08-07,SYG.JO,7.71656982421875
2019-08-11,SYG.JO,7.6639556884765625
2019-08-12,SYG.JO,7.620111694335938
2019-08-13,SYG.JO,7.541192626953125
2019-08-14,SYG.JO,7.409660034179687
2019-08-15,SYG.JO,7.4973486328125
2019-08-18,SYG.JO,7.4973486328125
2019-08-19,SYG.JO,7.453504028320313
2019-08-20,SYG.JO,7.541192626953125
2019-08-21,SYG.JO,7.453504028320313
2019-08-22,SYG.JO,7.453504028320313
2019-08-25,SYG.JO,7.453504028320313
2019-08-26,SYG.JO,7.409660034179687
2019-08-27,SYG.JO,7.409660034179687
2019-08-28,SYG.JO,7.453504028320313
2019-08-29,SYG.JO,7.453504028320313
2019-09-01,SYG.JO,7.3658154296875
2019-09-02,SYG.JO,7.628880615234375
2019-09-03,SYG.JO,7.8042578125
2019-09-04,SYG.JO,7.89194580078125
2019-09-05,SYG.JO,7.89194580078125
2019-09-08,SYG.JO,7.935789184570313
2019-09-09,SYG.JO,8.023478393554688
2019-09-10,SYG.JO,7.9796337890625
2019-09-11,SYG.JO,8.163779296875
2019-09-12,SYG.JO,8.330387573242188
2019-09-15,SYG.JO,8.418076171875
2019-09-16,SYG.JO,8.418076171875
2019-09-17,SYG.JO,8.418076171875
2019-09-18,SYG.JO,8.418076171875
2019-09-19,SYG.JO,8.330387573242188
2019-09-22,SYG.JO,8.461919555664062
2019-09-24,SYG.JO,8.330387573242188
2019-09-25,SYG.JO,8.461919555664062
2019-09-26,SYG.JO,8.330387573242188
2019-09-29,SYG.JO,8.286543579101563
2019-09-30,SYG.JO,8.146241455078124
2019-10-01,SYG.JO,8.01470947265625
2019-10-02,SYG.JO,7.918251953125
2019-10-03,SYG.JO,7.918251953125
2019-10-06,SYG.JO,7.628880615234375
2019-10-07,SYG.JO,7.479810791015625
2019-10-08,SYG.JO,7.3658154296875
2019-10-09,SYG.JO,7.4973486328125
2019-10-10,SYG.JO,7.5850372314453125
2019-10-13,SYG.JO,7.6113433837890625
2019-10-14,SYG.JO,7.6113433837890625
2019-10-15,SYG.JO,7.628880615234375
2019-10-16,SYG.JO,8.242698364257812
2019-10-17,SYG.JO,8.277774047851562
2019-10-20,SYG.JO,8.286543579101563
2019-10-21,SYG.JO,8.233929443359376
2019-10-22,SYG.JO,7.89194580078125
2019-10-23,SYG.JO,7.89194580078125
2019-10-24,SYG.JO,8.023478393554688
2019-10-27,SYG.JO,8.023478393554688
2019-10-28,SYG.JO,7.9796337890625
2019-10-29,SYG.JO,7.9796337890625
2019-10-30,SYG.JO,7.9796337890625
2019-10-31,SYG.JO,7.9796337890625
2019-11-03,SYG.JO,7.9796337890625
2019-11-04,SYG.JO,7.9796337890625
2019-11-05,SYG.JO,7.9796337890625
2019-11-06,SYG.JO,7.71656982421875
2019-11-07,SYG.JO,7.89194580078125
2019-11-10,SYG.JO,7.89194580078125
2019-11-11,SYG.JO,7.821795654296875
2019-11-12,SYG.JO,7.89194580078125
2019-11-13,SYG.JO,7.89194580078125
2019-11-14,SYG.JO,8.023478393554688
2019-11-17,SYG.JO,8.032247314453125
2019-11-18,SYG.JO,8.242698364257812
2019-11-19,SYG.JO,8.111166381835938
2019-11-20,SYG.JO,8.330387573242188
2019-11-21,SYG.JO,7.89194580078125
2019-11-24,SYG.JO,8.304080200195312
2019-11-25,SYG.JO,8.330387573242188
2019-11-26,SYG.JO,8.768828125
2019-11-27,SYG.JO,9.1985009765625
2019-11-28,SYG.JO,9.189732055664063
2019-12-01,SYG.JO,9.11958251953125
2019-12-02,SYG.JO,8.98804931640625
2019-12-03,SYG.JO,8.768828125
2019-12-04,SYG.JO,8.768828125
2019-12-05,SYG.JO,8.768828125
2019-12-08,SYG.JO,8.768828125
2019-12-09,SYG.JO,8.3479248046875
2019-12-10,SYG.JO,8.768828125
2019-12-11,SYG.JO,8.716216430664062
2019-12-12,SYG.JO,8.74252197265625
2019-12-16,SYG.JO,8.724984130859376
2019-12-17,SYG.JO,8.74252197265625
2019-12-18,SYG.JO,8.637296142578125
2019-12-19,SYG.JO,8.751290893554687
2019-12-22,SYG.JO,8.996654052734375
2019-12-23,SYG.JO,9.042091064453125
2019-12-26,SYG.JO,9.042091064453125
2019-12-29,SYG.JO,9.060266723632813
2019-12-30,SYG.JO,9.069354248046876
2020-01-01,SYG.JO,9.087529907226562
2020-01-02,SYG.JO,9.078441772460938
2020-01-05,SYG.JO,9.060266723632813
2020-01-06,SYG.JO,9.087529907226562
2020-01-07,SYG.JO,9.087529907226562
2020-01-08,SYG.JO,8.678590698242187
2020-01-09,SYG.JO,8.678590698242187
2020-01-12,SYG.JO,9.087529907226562
2020-01-13,SYG.JO,8.7240283203125
2020-01-14,SYG.JO,9.087529907226562
2020-01-15,SYG.JO,9.087529907226562
2020-01-16,SYG.JO,9.087529907226562
2020-01-19,SYG.JO,9.087529907226562
2020-01-20,SYG.JO,9.060266723632813
2020-01-21,SYG.JO,9.078441772460938
2020-01-22,SYG.JO,9.069354248046876
2020-01-23,SYG.JO,9.087529907226562
2020-01-26,SYG.JO,8.996654052734375
2020-01-27,SYG.JO,8.996654052734375
2020-01-28,SYG.JO,9.087529907226562
2020-01-29,SYG.JO,8.996654052734375
2020-01-30,SYG.JO,8.951217041015624
2020-02-02,SYG.JO,9.087529907226562
2020-02-03,SYG.JO,9.087529907226562
2020-02-04,SYG.JO,9.087529907226562
2020-02-05,SYG.JO,9.087529907226562
2020-02-06,SYG.JO,9.087529907226562
2020-02-09,SYG.JO,9.087529907226562
2020-02-10,SYG.JO,9.087529907226562
2020-02-11,SYG.JO,9.087529907226562
2020-02-12,SYG.JO,9.087529907226562
2020-02-13,SYG.JO,8.996654052734375
2020-02-16,SYG.JO,9.087529907226562
2020-02-17,SYG.JO,9.005741577148438
2020-02-18,SYG.JO,8.996654052734375
2020-02-19,SYG.JO,9.087529907226562
2020-02-20,SYG.JO,9.023916625976563
2020-02-23,SYG.JO,8.814902954101562
2020-02-24,SYG.JO,8.633152465820313
2020-02-25,SYG.JO,8.633152465820313
2020-02-26,SYG.JO,8.633152465820313
2020-02-27,SYG.JO,8.178776245117188
2020-03-01,SYG.JO,8.187864379882813
2020-03-02,SYG.JO,8.851253662109375
2020-03-03,SYG.JO,8.805816040039062
2020-03-04,SYG.JO,8.624065551757813
2020-03-05,SYG.JO,8.496840209960938
2020-03-08,SYG.JO,8.178776245117188
2020-03-09,SYG.JO,8.0788134765625
2020-03-10,SYG.JO,8.0788134765625
2020-03-11,SYG.JO,7.906150512695312
2020-03-12,SYG.JO,7.906150512695312
2020-03-15,SYG.JO,7.270023803710938
2020-03-16,SYG.JO,7.270023803710938
2020-03-17,SYG.JO,7.079185180664062
2020-03-18,SYG.JO,7.042835693359375
2020-03-19,SYG.JO,7.088272705078125
2020-03-22,SYG.JO,6.724771728515625
2020-03-23,SYG.JO,6.80656005859375
2020-03-24,SYG.JO,6.815646362304688
2020-03-25,SYG.JO,6.815646362304688
2020-03-26,SYG.JO,6.815646362304688
2020-03-29,SYG.JO,6.815646362304688
2020-03-30,SYG.JO,7.315460815429687
2020-03-31,SYG.JO,7.315460815429687
2020-04-01,SYG.JO,7.315460815429687
2020-04-02,SYG.JO,7.270023803710938
2020-04-05,SYG.JO,7.2245855712890625
2020-04-06,SYG.JO,7.270023803710938
2020-04-07,SYG.JO,8.178776245117188
2020-04-08,SYG.JO,7.733486938476562
2020-04-13,SYG.JO,8.087901611328125
2020-04-14,SYG.JO,7.260935668945312
2020-04-15,SYG.JO,7.088272705078125
2020-04-16,SYG.JO,7.17914794921875
2020-04-19,SYG.JO,7.17914794921875
2020-04-20,SYG.JO,7.270023803710938
2020-04-21,SYG.JO,7.17914794921875
2020-04-22,SYG.JO,6.370358276367187
2020-04-23,SYG.JO,6.815646362304688
2020-04-27,SYG.JO,7.17914794921875
2020-04-28,SYG.JO,7.160972900390625
2020-04-29,SYG.JO,7.088272705078125
2020-05-03,SYG.JO,6.9973974609375
2020-05-04,SYG.JO,7.17914794921875
2020-05-05,SYG.JO,7.188236083984375
2020-05-06,SYG.JO,7.442686767578125
2020-05-07,SYG.JO,7.6153497314453125
2020-05-10,SYG.JO,7.6153497314453125
2020-05-11,SYG.JO,7.4972119140625
2020-05-12,SYG.JO,7.53356201171875
2020-05-13,SYG.JO,7.270023803710938
2020-05-14,SYG.JO,7.270023803710938
2020-05-17,SYG.JO,7.288198852539063
2020-05-18,SYG.JO,7.270023803710938
2020-05-19,SYG.JO,7.042835693359375
2020-05-20,SYG.JO,6.9973974609375
2020-05-21,SYG.JO,7.24276123046875
2020-05-24,SYG.JO,7.24276123046875
2020-05-25,SYG.JO,7.360899047851563
2020-05-26,SYG.JO,8.542277221679688
2020-05-27,SYG.JO,8.714940185546874
2020-05-28,SYG.JO,8.36052734375
2020-05-31,SYG.JO,8.7240283203125
2020-06-01,SYG.JO,9.087529907226562
2020-06-02,SYG.JO,9.669131469726562
2020-06-03,SYG.JO,10.4506591796875
2020-06-04,SYG.JO,10.35978271484375
2020-06-07,SYG.JO,10.905035400390625
2020-06-08,SYG.JO,10.505184326171875
2020-06-09,SYG.JO,11.041348876953125
2020-06-10,SYG.JO,11.450286865234375
2020-06-11,SYG.JO,11.522987060546875
2020-06-14,SYG.JO,11.813787841796875
2020-06-16,SYG.JO,12.2590771484375
2020-06-17,SYG.JO,11.813787841796875
2020-06-18,SYG.JO,12.377215576171874
2020-06-21,SYG.JO,12.168203125
2020-06-22,SYG.JO,11.9046630859375
2020-06-23,SYG.JO,11.813787841796875
2020-06-24,SYG.JO,12.00462646484375
2020-06-25,SYG.JO,11.813787841796875
2020-06-28,SYG.JO,11.995538330078125
2020-06-29,SYG.JO,12.177288818359376
2020-06-30,SYG.JO,12.308428955078124
2020-07-01,SYG.JO,12.317796630859375
2020-07-02,SYG.JO,12.1866552734375
2020-07-05,SYG.JO,12.87982421875
2020-07-06,SYG.JO,13.19830810546875
2020-07-07,SYG.JO,13.10463623046875
2020-07-08,SYG.JO,12.87982421875
2020-07-09,SYG.JO,12.1866552734375
2020-07-12,SYG.JO,12.177288818359376
2020-07-13,SYG.JO,11.624627685546875
2020-07-14,SYG.JO,12.139820556640625
2020-07-15,SYG.JO,11.8026025390625
2020-07-16,SYG.JO,11.81197021484375
2020-07-19,SYG.JO,12.0836181640625
2020-07-20,SYG.JO,12.177288818359376
2020-07-21,SYG.JO,12.0836181640625
2020-07-22,SYG.JO,12.336529541015626
2020-07-23,SYG.JO,12.36463134765625
2020-07-26,SYG.JO,12.10235107421875
2020-07-27,SYG.JO,12.402100830078124
2020-07-28,SYG.JO,12.177288818359376
2020-07-29,SYG.JO,11.989945068359376
2020-07-30,SYG.JO,11.849439697265625
2020-08-02,SYG.JO,12.355264892578125
2020-08-03,SYG.JO,12.177288818359376
2020-08-04,SYG.JO,12.177288818359376
2020-08-05,SYG.JO,12.261593017578125
2020-08-06,SYG.JO,12.177288818359376
2020-08-10,SYG.JO,12.608177490234375
2020-08-11,SYG.JO,12.55197509765625
2020-08-12,SYG.JO,12.55197509765625
2020-08-13,SYG.JO,12.41146728515625
2020-08-16,SYG.JO,12.926661376953126
2020-08-17,SYG.JO,12.5145068359375
2020-08-18,SYG.JO,12.477037353515625
2020-08-19,SYG.JO,12.636279296875
2020-08-20,SYG.JO,12.458304443359374
2020-08-23,SYG.JO,12.589443359375
2020-08-24,SYG.JO,12.486405029296876
2020-08-25,SYG.JO,12.786153564453125
2020-08-26,SYG.JO,13.11400390625
2020-08-27,SYG.JO,13.11400390625
2020-08-30,SYG.JO,13.58236083984375
2020-08-31,SYG.JO,13.58236083984375
2020-09-01,SYG.JO,13.217042236328124
2020-09-02,SYG.JO,13.24514404296875
2020-09-03,SYG.JO,13.11400390625
2020-09-06,SYG.JO,13.06716796875
2020-09-07,SYG.JO,12.97349609375
2020-09-08,SYG.JO,13.048433837890625
2020-09-09,SYG.JO,13.254510498046875
2020-09-10,SYG.JO,13.479322509765625
2020-09-13,SYG.JO,13.263876953125
2020-09-14,SYG.JO,13.291978759765625
2020-09-15,SYG.JO,13.029698486328124
2020-09-16,SYG.JO,13.02033203125
2020-09-17,SYG.JO,12.5145068359375
2020-09-20,SYG.JO,12.50513916015625
2020-09-21,SYG.JO,12.177288818359376
2020-09-22,SYG.JO,12.1866552734375
2020-09-24,SYG.JO,11.989945068359376
2020-09-27,SYG.JO,12.177288818359376
2020-09-28,SYG.JO,12.317796630859375
2020-09-29,SYG.JO,13.48868896484375
2020-09-30,SYG.JO,13.16083984375
2020-10-01,SYG.JO,13.348182373046875
2020-10-04,SYG.JO,13.301346435546876
2020-10-05,SYG.JO,13.301346435546876
2020-10-06,SYG.JO,13.301346435546876
2020-10-07,SYG.JO,13.48868896484375
2020-10-08,SYG.JO,13.657298583984375
2020-10-11,SYG.JO,13.5729931640625
2020-10-12,SYG.JO,13.11400390625
2020-10-13,SYG.JO,12.645645751953126
2020-10-14,SYG.JO,13.3294482421875
2020-10-15,SYG.JO,13.02033203125
2020-10-18,SYG.JO,12.84235595703125
2020-10-19,SYG.JO,12.683114013671876
2020-10-20,SYG.JO,13.19830810546875
2020-10-21,SYG.JO,13.02033203125
2020-10-22,SYG.JO,13.11400390625
2020-10-25,SYG.JO,13.11400390625
2020-10-26,SYG.JO,13.02033203125
2020-10-27,SYG.JO,12.69248291015625
2020-10-28,SYG.JO,12.69248291015625
2020-10-29,SYG.JO,12.748685302734375
2020-11-01,SYG.JO,12.53323974609375
2020-11-02,SYG.JO,13.085902099609376
2020-11-03,SYG.JO,12.739317626953126
2020-11-04,SYG.JO,12.701849365234375
2020-11-05,SYG.JO,12.701849365234375
2020-11-08,SYG.JO,12.832989501953126
2020-11-09,SYG.JO,12.832989501953126
2020-11-10,SYG.JO,13.19830810546875
2020-11-11,SYG.JO,13.48868896484375
2020-11-12,SYG.JO,14.003883056640625
2020-11-15,SYG.JO,13.76970458984375
2020-11-16,SYG.JO,13.9570458984375
2020-11-17,SYG.JO,14.003883056640625
2020-11-18,SYG.JO,13.76970458984375
2020-11-19,SYG.JO,13.62919677734375
2020-11-22,SYG.JO,13.62919677734375
2020-11-23,SYG.JO,13.58236083984375
2020-11-24,SYG.JO,13.58236083984375
2020-11-25,SYG.JO,13.53552490234375
2020-11-26,SYG.JO,13.99451416015625
2020-11-29,SYG.JO,13.79780517578125
2020-11-30,SYG.JO,16.3925048828125
2020-12-01,SYG.JO,15.942880859375
2020-12-02,SYG.JO,16.017818603515625
2020-12-03,SYG.JO,17.273016357421874
2020-12-06,SYG.JO,18.256566162109372
2020-12-07,SYG.JO,18.2659326171875
2020-12-08,SYG.JO,18.2659326171875
2020-12-09,SYG.JO,18.5469482421875
2020-12-10,SYG.JO,18.359605712890627
2020-12-13,SYG.JO,19.296319580078126
2020-12-14,SYG.JO,18.846695556640626
2020-12-16,SYG.JO,19.380623779296876
2020-12-17,SYG.JO,18.9778369140625
2020-12-20,SYG.JO,18.443909912109373
2020-12-21,SYG.JO,18.73429077148437
2020-12-22,SYG.JO,18.5469482421875
2020-12-23,SYG.JO,18.73429077148437
2020-12-27,SYG.JO,18.968470458984374
2020-12-28,SYG.JO,18.9199560546875
2020-12-29,SYG.JO,19.705863037109374
2020-12-30,SYG.JO,19.540919189453124
2021-01-03,SYG.JO,18.9199560546875
2021-01-04,SYG.JO,18.9199560546875
2021-01-05,SYG.JO,18.7744189453125
2021-01-06,SYG.JO,18.677392578125
2021-01-07,SYG.JO,18.502747802734373
2021-01-10,SYG.JO,18.4348291015625
2021-01-11,SYG.JO,18.9199560546875
2021-01-12,SYG.JO,18.7744189453125
2021-01-13,SYG.JO,18.72590576171875
2021-01-14,SYG.JO,18.580367431640624
2021-01-17,SYG.JO,18.803526611328124
2021-01-18,SYG.JO,18.580367431640624
2021-01-19,SYG.JO,18.677392578125
2021-01-20,SYG.JO,18.7744189453125
2021-01-21,SYG.JO,18.7744189453125
2021-01-24,SYG.JO,18.48334228515625
2021-01-25,SYG.JO,17.9497021484375
2021-01-26,SYG.JO,17.4645751953125
2021-01-27,SYG.JO,17.4645751953125
2021-01-28,SYG.JO,17.9497021484375
2021-01-31,SYG.JO,17.02796142578125
2021-02-01,SYG.JO,17.610113525390624
2021-02-02,SYG.JO,17.658626708984375
2021-02-03,SYG.JO,17.27052490234375
2021-02-04,SYG.JO,17.94
2021-02-07,SYG.JO,17.658626708984375
2021-02-08,SYG.JO,17.2123095703125
2021-02-09,SYG.JO,17.22201171875
2021-02-10,SYG.JO,17.4645751953125
2021-02-11,SYG.JO,17.94
2021-02-14,SYG.JO,17.503385009765626
2021-02-15,SYG.JO,17.47427734375
2021-02-16,SYG.JO,17.2317138671875
2021-02-17,SYG.JO,17.09587890625
2021-02-18,SYG.JO,17.8235693359375
2021-02-21,SYG.JO,17.47427734375
2021-02-22,SYG.JO,17.862379150390623
2021-02-23,SYG.JO,18.153455810546873
2021-02-24,SYG.JO,17.959405517578126
2021-02-25,SYG.JO,19.987236328125
2021-02-28,SYG.JO,19.46329833984375
2021-03-01,SYG.JO,19.405084228515626
2021-03-02,SYG.JO,20.17158447265625
2021-03-03,SYG.JO,20.18128662109375
2021-03-04,SYG.JO,20.17158447265625
2021-03-07,SYG.JO,20.258907470703125
2021-03-08,SYG.JO,19.69615966796875
2021-03-09,SYG.JO,19.890211181640623
2021-03-10,SYG.JO,19.890211181640623
2021-03-11,SYG.JO,20.365634765625
2021-03-14,SYG.JO,19.356571044921875
2021-03-15,SYG.JO,19.69615966796875
2021-03-16,SYG.JO,19.405084228515626
2021-03-17,SYG.JO,19.405084228515626
2021-03-18,SYG.JO,18.9005517578125
2021-03-22,SYG.JO,19.046090087890626
2021-03-23,SYG.JO,19.016982421875
2021-03-24,SYG.JO,19.3759765625
2021-03-25,SYG.JO,19.09460205078125
2021-03-28,SYG.JO,19.16251953125
2021-03-29,SYG.JO,18.677392578125
2021-03-30,SYG.JO,19.2595458984375
2021-03-31,SYG.JO,19.405084228515626
2021-04-05,SYG.JO,18.9199560546875
2021-04-06,SYG.JO,19.405084228515626
2021-04-07,SYG.JO,19.405084228515626
2021-04-08,SYG.JO,18.929659423828124
2021-04-11,SYG.JO,18.9005517578125
2021-04-12,SYG.JO,18.570665283203127
2021-04-13,SYG.JO,18.91025390625
2021-04-14,SYG.JO,18.9005517578125
2021-04-15,SYG.JO,18.9199560546875
2021-04-18,SYG.JO,18.53185546875
2021-04-19,SYG.JO,18.822930908203126
2021-04-20,SYG.JO,18.9199560546875
2021-04-21,SYG.JO,18.7744189453125
2021-04-22,SYG.JO,19.007279052734372
2021-04-25,SYG.JO,18.822930908203126
2021-04-27,SYG.JO,18.822930908203126
2021-04-28,SYG.JO,18.4348291015625
2021-04-29,SYG.JO,18.24077880859375
2021-05-02,SYG.JO,18.192265625
2021-05-03,SYG.JO,17.9497021484375
2021-05-04,SYG.JO,18.13405029296875
2021-05-05,SYG.JO,17.75565185546875
2021-05-06,SYG.JO,17.94
2021-05-09,SYG.JO,17.76535400390625
2021-05-10,SYG.JO,17.75565185546875
2021-05-11,SYG.JO,17.41606201171875
2021-05-12,SYG.JO,17.367550048828125
2021-05-13,SYG.JO,17.367550048828125
2021-05-16,SYG.JO,17.4645751953125
2021-05-17,SYG.JO,17.22201171875
2021-05-18,SYG.JO,16.610751953125
2021-05-19,SYG.JO,16.989150390625
2021-05-20,SYG.JO,17.89148681640625
2021-05-23,SYG.JO,17.51308837890625
2021-05-24,SYG.JO,18.425126953125
2021-05-25,SYG.JO,18.425126953125
2021-05-26,SYG.JO,18.4348291015625
2021-05-27,SYG.JO,18.61917724609375
2021-05-30,SYG.JO,18.96846923828125
2021-05-31,SYG.JO,18.47364013671875
2021-06-01,SYG.JO,18.580367431640624
2021-06-02,SYG.JO,18.4348291015625
2021-06-03,SYG.JO,18.046727294921876
2021-06-06,SYG.JO,18.192265625
2021-06-07,SYG.JO,17.9497021484375
2021-06-08,SYG.JO,17.804163818359374
2021-06-09,SYG.JO,17.901190185546874
2021-06-10,SYG.JO,17.561600341796876
2021-06-13,SYG.JO,17.8235693359375
2021-06-14,SYG.JO,17.94
2021-06-16,SYG.JO,17.483980712890624
2021-06-17,SYG.JO,17.8235693359375
2021-06-20,SYG.JO,17.94
2021-06-21,SYG.JO,17.94
2021-06-22,SYG.JO,18.49
2021-06-23,SYG.JO,18.45
2021-06-24,SYG.JO,18.37
2021-06-27,SYG.JO,18.49
2021-06-28,SYG.JO,18.5
2021-06-29,SYG.JO,18.89
2021-06-30,SYG.JO,18.18
2021-07-01,SYG.JO,18.05
2021-07-04,SYG.JO,18.26
2021-07-05,SYG.JO,18.45
2021-07-06,SYG.JO,18.44
2021-07-07,SYG.JO,18.02
2021-07-08,SYG.JO,18.25
2021-07-11,SYG.JO,18.31
2021-07-12,SYG.JO,18.19
2021-07-13,SYG.JO,17.65
2021-07-14,SYG.JO,18.09
2021-07-15,SYG.JO,17.95
2021-07-18,SYG.JO,17.8
2021-07-19,SYG.JO,18.0
2021-07-20,SYG.JO,18.0
2021-07-21,SYG.JO,18.0
2021-07-22,SYG.JO,17.95
2021-07-25,SYG.JO,17.89
2021-07-26,SYG.JO,17.0
2021-07-27,SYG.JO,17.49
2021-07-28,SYG.JO,17.65
2021-07-29,SYG.JO,17.85
2021-08-01,SYG.JO,17.51
2021-08-02,SYG.JO,17.44
2021-08-03,SYG.JO,17.43
2021-08-04,SYG.JO,17.64
2021-08-05,SYG.JO,17.01
2021-08-09,SYG.JO,16.99
2021-08-10,SYG.JO,16.97
2021-08-11,SYG.JO,17.0
2021-08-12,SYG.JO,16.99
2021-08-15,SYG.JO,17.49
2021-08-16,SYG.JO,16.72
2021-08-17,SYG.JO,16.7
